"","ID","NM","OS"
"1","DF0000005; SV 4; linear; DNA; STD; UNC; 355 BP.","THE1A","Simiiformes"
"2","DF0000023; SV 4; linear; DNA; STD; UNC; 2706 BP.","Charlie3","Simiiformes"
"3","DF0000053; SV 4; linear; DNA; STD; UNC; 311 BP.","AluYa5","Hominidae"
"4","DF0000054; SV 4; linear; DNA; STD; UNC; 310 BP.","AluYa8","Hominidae"
"5","DF0000055; SV 4; linear; DNA; STD; UNC; 318 BP.","AluYb8","Hominidae"
"6","DF0000056; SV 4; linear; DNA; STD; UNC; 318 BP.","AluYb9","Hominidae"
"7","DF0000060; SV 4; linear; DNA; STD; UNC; 299 BP.","AluYd8","Hominidae"
"8","DF0000063; SV 4; linear; DNA; STD; UNC; 311 BP.","AluYh9","Hominidae"
"9","DF0000064; SV 4; linear; DNA; STD; UNC; 311 BP.","AluYk11","Hominidae"
"10","DF0000065; SV 4; linear; DNA; STD; UNC; 311 BP.","AluYk12","Hominidae"
"11","DF0000066; SV 4; linear; DNA; STD; UNC; 311 BP.","AluYk4","Hominidae"
"12","DF0000161; SV 4; linear; DNA; STD; UNC; 8751 BP.","HERV15","Catarrhini"
"13","DF0000163; SV 5; linear; DNA; STD; UNC; 8801 BP.","HERV1_I","Simiiformes"
"14","DF0000164; SV 4; linear; DNA; STD; UNC; 521 BP.","HERV1_LTRa","Simiiformes"
"15","DF0000165; SV 4; linear; DNA; STD; UNC; 511 BP.","HERV1_LTRb","Simiiformes"
"16","DF0000166; SV 4; linear; DNA; STD; UNC; 491 BP.","HERV1_LTRc","Simiiformes"
"17","DF0000167; SV 4; linear; DNA; STD; UNC; 535 BP.","HERV1_LTRd","Simiiformes"
"18","DF0000168; SV 4; linear; DNA; STD; UNC; 537 BP.","HERV1_LTRe","Simiiformes"
"19","DF0000169; SV 4; linear; DNA; STD; UNC; 8426 BP.","HERV3","Catarrhini"
"20","DF0000170; SV 5; linear; DNA; STD; UNC; 8257 BP.","HERV30","Catarrhini"
"21","DF0000171; SV 5; linear; DNA; STD; UNC; 6918 BP.","HERV35I","Simiiformes"
"22","DF0000172; SV 4; linear; DNA; STD; UNC; 6539 BP.","HERV4_I","Simiiformes"
"23","DF0000173; SV 4; linear; DNA; STD; UNC; 8436 BP.","HERV9","Catarrhini"
"24","DF0000174; SV 4; linear; DNA; STD; UNC; 7813 BP.","HERVE","Hominoidea"
"25","DF0000175; SV 4; linear; DNA; STD; UNC; 7847 BP.","HERVE_a","Catarrhini"
"26","DF0000176; SV 4; linear; DNA; STD; UNC; 4629 BP.","HERV-Fc1","Homininae"
"27","DF0000177; SV 4; linear; DNA; STD; UNC; 346 BP.","HERV-Fc1_LTR1","Hominidae"
"28","DF0000178; SV 4; linear; DNA; STD; UNC; 476 BP.","HERV-Fc1_LTR3","Hominidae"
"29","DF0000179; SV 5; linear; DNA; STD; UNC; 7250 BP.","HERV-Fc2","Hominidae"
"30","DF0000180; SV 5; linear; DNA; STD; UNC; 374 BP.","HERV-Fc2_LTR","Hominidae"
"31","DF0000181; SV 5; linear; DNA; STD; UNC; 7719 BP.","HERVFH19","Simiiformes"
"32","DF0000182; SV 5; linear; DNA; STD; UNC; 6529 BP.","HERVFH21","Catarrhini"
"33","DF0000183; SV 4; linear; DNA; STD; UNC; 7713 BP.","HERVH","Catarrhini"
"34","DF0000184; SV 4; linear; DNA; STD; UNC; 6654 BP.","HERVH48","Catarrhini"
"35","DF0000185; SV 5; linear; DNA; STD; UNC; 7784 BP.","HERVI","Catarrhini"
"36","DF0000186; SV 5; linear; DNA; STD; UNC; 7737 BP.","HERVIP10F","Catarrhini"
"37","DF0000187; SV 4; linear; DNA; STD; UNC; 5102 BP.","HERVIP10FH","Catarrhini"
"38","DF0000188; SV 5; linear; DNA; STD; UNC; 7536 BP.","HERVK","Catarrhini"
"39","DF0000189; SV 4; linear; DNA; STD; UNC; 7953 BP.","HERVK11","Catarrhini"
"40","DF0000190; SV 5; linear; DNA; STD; UNC; 7752 BP.","HERVK11D","Hominoidea"
"41","DF0000191; SV 5; linear; DNA; STD; UNC; 8116 BP.","HERVK13","Hominoidea"
"42","DF0000192; SV 4; linear; DNA; STD; UNC; 6096 BP.","HERVK14","Catarrhini"
"43","DF0000193; SV 5; linear; DNA; STD; UNC; 7434 BP.","HERVK14C","Catarrhini"
"44","DF0000194; SV 5; linear; DNA; STD; UNC; 6837 BP.","HERVK22","Simiiformes"
"45","DF0000195; SV 5; linear; DNA; STD; UNC; 7202 BP.","HERVK3","Catarrhini"
"46","DF0000196; SV 4; linear; DNA; STD; UNC; 6021 BP.","HERVK9","Catarrhini"
"47","DF0000197; SV 5; linear; DNA; STD; UNC; 5262 BP.","HERVKC4","Catarrhini"
"48","DF0000199; SV 5; linear; DNA; STD; UNC; 6047 BP.","HERVL18","Simiiformes"
"49","DF0000200; SV 5; linear; DNA; STD; UNC; 3418 BP.","HERVL32","Simiiformes"
"50","DF0000202; SV 5; linear; DNA; STD; UNC; 4329 BP.","HERVL66","Simiiformes"
"51","DF0000204; SV 5; linear; DNA; STD; UNC; 7590 BP.","HERVP71A","Simiiformes"
"52","DF0000205; SV 5; linear; DNA; STD; UNC; 8978 BP.","HERVS71","Catarrhini"
"53","DF0000212; SV 4; linear; DNA; STD; UNC; 1287 BP.","HSMAR1","Simiiformes"
"54","DF0000214; SV 4; linear; DNA; STD; UNC; 6263 BP.","HUERS-P1","Simiiformes"
"55","DF0000215; SV 4; linear; DNA; STD; UNC; 3088 BP.","HUERS-P2","Simiiformes"
"56","DF0000216; SV 4; linear; DNA; STD; UNC; 8919 BP.","HUERS-P3","Simiiformes"
"57","DF0000217; SV 4; linear; DNA; STD; UNC; 7418 BP.","HUERS-P3b","Simiiformes"
"58","DF0000225; SV 4; linear; DNA; STD; UNC; 902 BP.","L1HS_3end","Homininae"
"59","DF0000315; SV 4; linear; DNA; STD; UNC; 2259 BP.","L1P1_5end","Hominoidea"
"60","DF0000317; SV 4; linear; DNA; STD; UNC; 2275 BP.","L1P2_5end","Catarrhini"
"61","DF0000339; SV 4; linear; DNA; STD; UNC; 902 BP.","L1PA2_3end","Hominidae"
"62","DF0000340; SV 4; linear; DNA; STD; UNC; 902 BP.","L1PA3_3end","Hominoidea"
"63","DF0000341; SV 4; linear; DNA; STD; UNC; 902 BP.","L1PA4_3end","Hominoidea"
"64","DF0000342; SV 4; linear; DNA; STD; UNC; 901 BP.","L1PA5_3end","Hominoidea"
"65","DF0000343; SV 4; linear; DNA; STD; UNC; 901 BP.","L1PA6_3end","Catarrhini"
"66","DF0000355; SV 4; linear; DNA; STD; UNC; 907 BP.","L1PREC2_3end","Simiiformes"
"67","DF0000356; SV 4; linear; DNA; STD; UNC; 4254 BP.","L1PREC2_5end","Simiiformes"
"68","DF0000357; SV 4; linear; DNA; STD; UNC; 3294 BP.","L1PREC2_orf2","Simiiformes"
"69","DF0000375; SV 4; linear; DNA; STD; UNC; 783 BP.","LTR1","Simiiformes"
"70","DF0000390; SV 4; linear; DNA; STD; UNC; 609 BP.","LTR10A","Catarrhini"
"71","DF0000391; SV 4; linear; DNA; STD; UNC; 505 BP.","LTR10B","Catarrhini"
"72","DF0000392; SV 4; linear; DNA; STD; UNC; 547 BP.","LTR10B1","Catarrhini"
"73","DF0000393; SV 4; linear; DNA; STD; UNC; 503 BP.","LTR10B2","Catarrhini"
"74","DF0000394; SV 4; linear; DNA; STD; UNC; 591 BP.","LTR10C","Catarrhini"
"75","DF0000395; SV 4; linear; DNA; STD; UNC; 513 BP.","LTR10D","Catarrhini"
"76","DF0000396; SV 4; linear; DNA; STD; UNC; 633 BP.","LTR10E","Catarrhini"
"77","DF0000397; SV 4; linear; DNA; STD; UNC; 511 BP.","LTR10F","Catarrhini"
"78","DF0000398; SV 4; linear; DNA; STD; UNC; 523 BP.","LTR10G","Catarrhini"
"79","DF0000399; SV 4; linear; DNA; STD; UNC; 826 BP.","LTR12","Catarrhini"
"80","DF0000400; SV 4; linear; DNA; STD; UNC; 688 BP.","LTR12_v","Catarrhini"
"81","DF0000401; SV 4; linear; DNA; STD; UNC; 667 BP.","LTR12B","Catarrhini"
"82","DF0000402; SV 4; linear; DNA; STD; UNC; 1579 BP.","LTR12C","Hominoidea"
"83","DF0000403; SV 4; linear; DNA; STD; UNC; 1254 BP.","LTR12D","Hominoidea"
"84","DF0000404; SV 4; linear; DNA; STD; UNC; 1322 BP.","LTR12E","Hominoidea"
"85","DF0000405; SV 4; linear; DNA; STD; UNC; 519 BP.","LTR12F","Catarrhini"
"86","DF0000406; SV 4; linear; DNA; STD; UNC; 1007 BP.","LTR13","Hominoidea"
"87","DF0000407; SV 4; linear; DNA; STD; UNC; 954 BP.","LTR13_v","Catarrhini"
"88","DF0000408; SV 4; linear; DNA; STD; UNC; 966 BP.","LTR13A","Catarrhini"
"89","DF0000409; SV 4; linear; DNA; STD; UNC; 548 BP.","LTR14","Catarrhini"
"90","DF0000410; SV 4; linear; DNA; STD; UNC; 344 BP.","LTR14A","Catarrhini"
"91","DF0000411; SV 5; linear; DNA; STD; UNC; 608 BP.","LTR14B","Catarrhini"
"92","DF0000412; SV 4; linear; DNA; STD; UNC; 587 BP.","LTR14C","Catarrhini"
"93","DF0000413; SV 4; linear; DNA; STD; UNC; 493 BP.","LTR15","Catarrhini"
"94","DF0000427; SV 4; linear; DNA; STD; UNC; 780 BP.","LTR17","Catarrhini"
"95","DF0000428; SV 4; linear; DNA; STD; UNC; 357 BP.","LTR18A","Simiiformes"
"96","DF0000429; SV 4; linear; DNA; STD; UNC; 614 BP.","LTR18B","Simiiformes"
"97","DF0000430; SV 4; linear; DNA; STD; UNC; 345 BP.","LTR18C","Simiiformes"
"98","DF0000431; SV 4; linear; DNA; STD; UNC; 486 BP.","LTR19A","Simiiformes"
"99","DF0000432; SV 4; linear; DNA; STD; UNC; 580 BP.","LTR19B","Simiiformes"
"100","DF0000433; SV 4; linear; DNA; STD; UNC; 779 BP.","LTR19C","Simiiformes"
"101","DF0000434; SV 4; linear; DNA; STD; UNC; 5586 BP.","LTR19-int","Simiiformes"
"102","DF0000435; SV 4; linear; DNA; STD; UNC; 799 BP.","LTR1A1","Simiiformes"
"103","DF0000436; SV 4; linear; DNA; STD; UNC; 837 BP.","LTR1A2","Simiiformes"
"104","DF0000437; SV 4; linear; DNA; STD; UNC; 824 BP.","LTR1B","Simiiformes"
"105","DF0000438; SV 4; linear; DNA; STD; UNC; 742 BP.","LTR1B0","Simiiformes"
"106","DF0000439; SV 4; linear; DNA; STD; UNC; 818 BP.","LTR1B1","Simiiformes"
"107","DF0000440; SV 4; linear; DNA; STD; UNC; 747 BP.","LTR1C","Simiiformes"
"108","DF0000441; SV 4; linear; DNA; STD; UNC; 648 BP.","LTR1C1","Simiiformes"
"109","DF0000442; SV 4; linear; DNA; STD; UNC; 638 BP.","LTR1C3","Simiiformes"
"110","DF0000443; SV 4; linear; DNA; STD; UNC; 975 BP.","LTR1D","Simiiformes"
"111","DF0000444; SV 4; linear; DNA; STD; UNC; 899 BP.","LTR1D1","Simiiformes"
"112","DF0000445; SV 4; linear; DNA; STD; UNC; 804 BP.","LTR1E","Simiiformes"
"113","DF0000446; SV 4; linear; DNA; STD; UNC; 772 BP.","LTR1F","Simiiformes"
"114","DF0000447; SV 4; linear; DNA; STD; UNC; 729 BP.","LTR1F1","Simiiformes"
"115","DF0000448; SV 4; linear; DNA; STD; UNC; 739 BP.","LTR1F2","Simiiformes"
"116","DF0000449; SV 4; linear; DNA; STD; UNC; 463 BP.","LTR2","Catarrhini"
"117","DF0000450; SV 4; linear; DNA; STD; UNC; 481 BP.","LTR21A","Catarrhini"
"118","DF0000451; SV 4; linear; DNA; STD; UNC; 437 BP.","LTR21B","Catarrhini"
"119","DF0000452; SV 4; linear; DNA; STD; UNC; 511 BP.","LTR21C","Catarrhini"
"120","DF0000453; SV 4; linear; DNA; STD; UNC; 571 BP.","LTR22","Catarrhini"
"121","DF0000454; SV 4; linear; DNA; STD; UNC; 458 BP.","LTR22A","Simiiformes"
"122","DF0000455; SV 4; linear; DNA; STD; UNC; 492 BP.","LTR22B","Catarrhini"
"123","DF0000456; SV 4; linear; DNA; STD; UNC; 526 BP.","LTR22B1","Catarrhini"
"124","DF0000457; SV 4; linear; DNA; STD; UNC; 600 BP.","LTR22B2","Catarrhini"
"125","DF0000458; SV 5; linear; DNA; STD; UNC; 509 BP.","LTR22C","Catarrhini"
"126","DF0000459; SV 4; linear; DNA; STD; UNC; 502 BP.","LTR22C0","Catarrhini"
"127","DF0000460; SV 4; linear; DNA; STD; UNC; 496 BP.","LTR22C2","Catarrhini"
"128","DF0000461; SV 4; linear; DNA; STD; UNC; 507 BP.","LTR22E","Catarrhini"
"129","DF0000467; SV 4; linear; DNA; STD; UNC; 844 BP.","LTR25","Simiiformes"
"130","DF0000468; SV 4; linear; DNA; STD; UNC; 7188 BP.","LTR25-int","Simiiformes"
"131","DF0000471; SV 4; linear; DNA; STD; UNC; 539 BP.","LTR26C","Homo sapiens"
"132","DF0000472; SV 4; linear; DNA; STD; UNC; 604 BP.","LTR26D","Homo sapiens"
"133","DF0000474; SV 4; linear; DNA; STD; UNC; 640 BP.","LTR27","Simiiformes"
"134","DF0000475; SV 4; linear; DNA; STD; UNC; 1263 BP.","LTR2752","Simiiformes"
"135","DF0000476; SV 4; linear; DNA; STD; UNC; 594 BP.","LTR27B","Simiiformes"
"136","DF0000477; SV 4; linear; DNA; STD; UNC; 767 BP.","LTR27C","Simiiformes"
"137","DF0000478; SV 4; linear; DNA; STD; UNC; 615 BP.","LTR27D","Simiiformes"
"138","DF0000479; SV 4; linear; DNA; STD; UNC; 1077 BP.","LTR27E","Simiiformes"
"139","DF0000480; SV 4; linear; DNA; STD; UNC; 1020 BP.","LTR28","Simiiformes"
"140","DF0000481; SV 4; linear; DNA; STD; UNC; 974 BP.","LTR28B","Simiiformes"
"141","DF0000482; SV 4; linear; DNA; STD; UNC; 1129 BP.","LTR28C","Simiiformes"
"142","DF0000483; SV 4; linear; DNA; STD; UNC; 622 BP.","LTR29","Simiiformes"
"143","DF0000484; SV 4; linear; DNA; STD; UNC; 483 BP.","LTR2B","Hominoidea"
"144","DF0000485; SV 4; linear; DNA; STD; UNC; 501 BP.","LTR2C","Hominoidea"
"145","DF0000486; SV 4; linear; DNA; STD; UNC; 722 BP.","LTR30","Catarrhini"
"146","DF0000488; SV 4; linear; DNA; STD; UNC; 457 BP.","LTR32","Simiiformes"
"147","DF0000495; SV 4; linear; DNA; STD; UNC; 608 BP.","LTR35","Simiiformes"
"148","DF0000496; SV 4; linear; DNA; STD; UNC; 547 BP.","LTR35A","Simiiformes"
"149","DF0000497; SV 5; linear; DNA; STD; UNC; 605 BP.","LTR35B","Simiiformes"
"150","DF0000507; SV 4; linear; DNA; STD; UNC; 783 BP.","LTR39","Simiiformes"
"151","DF0000508; SV 5; linear; DNA; STD; UNC; 9043 BP.","LTR39-int","Simiiformes"
"152","DF0000509; SV 4; linear; DNA; STD; UNC; 484 BP.","LTR3A","Catarrhini"
"153","DF0000510; SV 4; linear; DNA; STD; UNC; 437 BP.","LTR3B","Catarrhini"
"154","DF0000511; SV 4; linear; DNA; STD; UNC; 499 BP.","LTR3B_v","Catarrhini"
"155","DF0000512; SV 4; linear; DNA; STD; UNC; 596 BP.","LTR4","Catarrhini"
"156","DF0000540; SV 4; linear; DNA; STD; UNC; 969 BP.","LTR5","Hominoidea"
"157","DF0000555; SV 4; linear; DNA; STD; UNC; 597 BP.","LTR59","Simiiformes"
"158","DF0000556; SV 4; linear; DNA; STD; UNC; 1033 BP.","LTR5A","Hominoidea"
"159","DF0000557; SV 4; linear; DNA; STD; UNC; 1002 BP.","LTR5B","Catarrhini"
"160","DF0000558; SV 4; linear; DNA; STD; UNC; 968 BP.","LTR5_Hs","Homo sapiens"
"161","DF0000565; SV 4; linear; DNA; STD; UNC; 610 BP.","LTR66","Simiiformes"
"162","DF0000569; SV 4; linear; DNA; STD; UNC; 564 BP.","LTR6A","Catarrhini"
"163","DF0000570; SV 4; linear; DNA; STD; UNC; 558 BP.","LTR6B","Hominoidea"
"164","DF0000571; SV 4; linear; DNA; STD; UNC; 450 BP.","LTR7","Hominoidea"
"165","DF0000573; SV 4; linear; DNA; STD; UNC; 459 BP.","LTR71A","Simiiformes"
"166","DF0000574; SV 4; linear; DNA; STD; UNC; 610 BP.","LTR71B","Simiiformes"
"167","DF0000587; SV 6; linear; DNA; STD; UNC; 464 BP.","LTR7B","Catarrhini"
"168","DF0000588; SV 6; linear; DNA; STD; UNC; 470 BP.","LTR7C","Catarrhini"
"169","DF0000589; SV 6; linear; DNA; STD; UNC; 464 BP.","LTR7Y","Homininae"
"170","DF0000590; SV 4; linear; DNA; STD; UNC; 691 BP.","LTR8","Simiiformes"
"171","DF0000616; SV 4; linear; DNA; STD; UNC; 727 BP.","LTR8A","Simiiformes"
"172","DF0000617; SV 4; linear; DNA; STD; UNC; 820 BP.","LTR8B","Simiiformes"
"173","DF0000618; SV 4; linear; DNA; STD; UNC; 612 BP.","LTR9","Simiiformes"
"174","DF0000622; SV 4; linear; DNA; STD; UNC; 728 BP.","LTR9A1","Simiiformes"
"175","DF0000623; SV 4; linear; DNA; STD; UNC; 644 BP.","LTR9B","Simiiformes"
"176","DF0000624; SV 4; linear; DNA; STD; UNC; 666 BP.","LTR9C","Simiiformes"
"177","DF0000625; SV 4; linear; DNA; STD; UNC; 645 BP.","LTR9D","Simiiformes"
"178","DF0000628; SV 4; linear; DNA; STD; UNC; 8626 BP.","HERV17","Catarrhini"
"179","DF0000629; SV 4; linear; DNA; STD; UNC; 80 BP.","MADE1","Simiiformes"
"180","DF0000634; SV 4; linear; DNA; STD; UNC; 311 BP.","AluYg6","Hominidae"
"181","DF0000689; SV 4; linear; DNA; STD; UNC; 432 BP.","LTR3","Catarrhini"
"182","DF0000704; SV 4; linear; DNA; STD; UNC; 200 BP.","MER107","Simiiformes"
"183","DF0000714; SV 4; linear; DNA; STD; UNC; 1266 BP.","MER11A","Catarrhini"
"184","DF0000715; SV 4; linear; DNA; STD; UNC; 1236 BP.","MER11B","Hominoidea"
"185","DF0000717; SV 4; linear; DNA; STD; UNC; 1071 BP.","MER11C","Hominoidea"
"186","DF0000718; SV 4; linear; DNA; STD; UNC; 897 BP.","MER11D","Hominoidea"
"187","DF0000734; SV 4; linear; DNA; STD; UNC; 529 BP.","MER1A","Simiiformes"
"188","DF0000735; SV 4; linear; DNA; STD; UNC; 339 BP.","MER1B","Simiiformes"
"189","DF0000744; SV 4; linear; DNA; STD; UNC; 230 BP.","MER30","Simiiformes"
"190","DF0000745; SV 4; linear; DNA; STD; UNC; 190 BP.","MER30B","Simiiformes"
"191","DF0000793; SV 4; linear; DNA; STD; UNC; 407 BP.","MER48","Catarrhini"
"192","DF0000800; SV 4; linear; DNA; STD; UNC; 765 BP.","MER4CL34","Simiiformes"
"193","DF0000807; SV 4; linear; DNA; STD; UNC; 734 BP.","MER50","Simiiformes"
"194","DF0000808; SV 4; linear; DNA; STD; UNC; 782 BP.","MER50C","Simiiformes"
"195","DF0000809; SV 4; linear; DNA; STD; UNC; 634 BP.","MER51A","Simiiformes"
"196","DF0000810; SV 4; linear; DNA; STD; UNC; 377 BP.","MER51B","Simiiformes"
"197","DF0000811; SV 4; linear; DNA; STD; UNC; 640 BP.","MER51C","Simiiformes"
"198","DF0000812; SV 4; linear; DNA; STD; UNC; 657 BP.","MER51D","Simiiformes"
"199","DF0000813; SV 4; linear; DNA; STD; UNC; 482 BP.","MER51E","Simiiformes"
"200","DF0000814; SV 4; linear; DNA; STD; UNC; 697 BP.","MER50B","Simiiformes"
"201","DF0000815; SV 4; linear; DNA; STD; UNC; 7205 BP.","MER50-int","Simiiformes"
"202","DF0000816; SV 5; linear; DNA; STD; UNC; 7816 BP.","MER51-int","Simiiformes"
"203","DF0000817; SV 4; linear; DNA; STD; UNC; 1580 BP.","THE1-int","Simiiformes"
"204","DF0000818; SV 4; linear; DNA; STD; UNC; 364 BP.","THE1B","Simiiformes"
"205","DF0000819; SV 4; linear; DNA; STD; UNC; 375 BP.","THE1C","Simiiformes"
"206","DF0000820; SV 4; linear; DNA; STD; UNC; 381 BP.","THE1D","Simiiformes"
"207","DF0000863; SV 4; linear; DNA; STD; UNC; 432 BP.","MER57A1","Simiiformes"
"208","DF0000865; SV 4; linear; DNA; STD; UNC; 401 BP.","MER57B1","Simiiformes"
"209","DF0000882; SV 4; linear; DNA; STD; UNC; 5217 BP.","MER61-int","Simiiformes"
"210","DF0000883; SV 4; linear; DNA; STD; UNC; 341 BP.","MER61A","Simiiformes"
"211","DF0000884; SV 4; linear; DNA; STD; UNC; 427 BP.","MER61B","Simiiformes"
"212","DF0000885; SV 4; linear; DNA; STD; UNC; 428 BP.","MER61C","Simiiformes"
"213","DF0000886; SV 4; linear; DNA; STD; UNC; 501 BP.","MER61D","Simiiformes"
"214","DF0000887; SV 4; linear; DNA; STD; UNC; 569 BP.","MER61E","Simiiformes"
"215","DF0000888; SV 4; linear; DNA; STD; UNC; 676 BP.","MER61F","Simiiformes"
"216","DF0000902; SV 4; linear; DNA; STD; UNC; 478 BP.","MER66A","Simiiformes"
"217","DF0000903; SV 4; linear; DNA; STD; UNC; 486 BP.","MER66B","Simiiformes"
"218","DF0000904; SV 4; linear; DNA; STD; UNC; 555 BP.","MER66C","Simiiformes"
"219","DF0000905; SV 4; linear; DNA; STD; UNC; 484 BP.","MER66D","Simiiformes"
"220","DF0000906; SV 4; linear; DNA; STD; UNC; 6676 BP.","MER66-int","Simiiformes"
"221","DF0000922; SV 4; linear; DNA; STD; UNC; 722 BP.","MER72","Simiiformes"
"222","DF0000923; SV 4; linear; DNA; STD; UNC; 768 BP.","MER72B","Simiiformes"
"223","DF0000928; SV 4; linear; DNA; STD; UNC; 514 BP.","MER75","Simiiformes"
"224","DF0000929; SV 4; linear; DNA; STD; UNC; 77 BP.","MER75A","Simiiformes"
"225","DF0000930; SV 4; linear; DNA; STD; UNC; 243 BP.","MER75B","Simiiformes"
"226","DF0000944; SV 4; linear; DNA; STD; UNC; 541 BP.","MER87","Simiiformes"
"227","DF0000969; SV 4; linear; DNA; STD; UNC; 513 BP.","MER9a1","Hominoidea"
"228","DF0000970; SV 4; linear; DNA; STD; UNC; 513 BP.","MER9a2","Hominoidea"
"229","DF0000971; SV 4; linear; DNA; STD; UNC; 512 BP.","MER9a3","Catarrhini"
"230","DF0000972; SV 4; linear; DNA; STD; UNC; 499 BP.","MER9B","Catarrhini"
"231","DF0000977; SV 4; linear; DNA; STD; UNC; 139 BP.","MER85","Simiiformes"
"232","DF0001041; SV 4; linear; DNA; STD; UNC; 428 BP.","MSTA","Simiiformes"
"233","DF0001042; SV 4; linear; DNA; STD; UNC; 426 BP.","MSTB","Simiiformes"
"234","DF0001067; SV 4; linear; DNA; STD; UNC; 1387 BP.","SVA_A","Hominoidea"
"235","DF0001068; SV 4; linear; DNA; STD; UNC; 1383 BP.","SVA_B","Hominidae"
"236","DF0001069; SV 4; linear; DNA; STD; UNC; 1384 BP.","SVA_C","Hominidae"
"237","DF0001070; SV 4; linear; DNA; STD; UNC; 1386 BP.","SVA_D","Hominidae"
"238","DF0001071; SV 4; linear; DNA; STD; UNC; 1382 BP.","SVA_E","Homo sapiens"
"239","DF0001072; SV 4; linear; DNA; STD; UNC; 1375 BP.","SVA_F","Homo sapiens"
"240","DF0001145; SV 2; linear; DNA; STD; UNC; 311 BP.","AluYk3","Hominoidea"
"241","DF0001154; SV 2; linear; DNA; STD; UNC; 311 BP.","AluYm1","Hominoidea"
"242","DF0001169; SV 2; linear; DNA; STD; UNC; 311 BP.","AluYk2","Hominoidea"
"243","DF0001197; SV 2; linear; DNA; STD; UNC; 311 BP.","AluYi6","Hominidae"
"244","DF0001256; SV 2; linear; DNA; STD; UNC; 1631 BP.","THE1D-int","Catarrhini"
"245","DF0001278; SV 3; linear; DNA; STD; UNC; 6118 BP.","HERV9NC","Hominoidea"
"246","DF0001303; SV 2; linear; DNA; STD; UNC; 5374 BP.","HERV9N","Hominoidea"
"247","DF0001310; SV 3; linear; DNA; STD; UNC; 7603 BP.","HERVIP10B3","Catarrhini"
"248","DF0001316; SV 2; linear; DNA; STD; UNC; 311 BP.","AluYi6_4d","Homo sapiens"
"249","DF0001317; SV 2; linear; DNA; STD; UNC; 311 BP.","AluYf1","Hominoidea"
"250","DF0001318; SV 2; linear; DNA; STD; UNC; 311 BP.","AluYh3","Hominidae"
"251","DF0001320; SV 2; linear; DNA; STD; UNC; 311 BP.","AluYj4","Homo sapiens"
"252","DF0001321; SV 2; linear; DNA; STD; UNC; 311 BP.","AluYh7","Homo sapiens"
"253","DF0001337; SV 3; linear; DNA; STD; UNC; 425 BP.","HERV-Fc1_LTR2","Hominidae"
"254","DF0289982; SV 2; linear; DNA; STD; UNC; 49 BP.","ajax","Homo sapiens"
"255","DF0289983; SV 2; linear; DNA; STD; UNC; 34 BP.","amalthea","Homo sapiens"
"256","DF0289984; SV 2; linear; DNA; STD; UNC; 51 BP.","ananke","Homo sapiens"
"257","DF0289985; SV 2; linear; DNA; STD; UNC; 101 BP.","aoede","Homo sapiens"
"258","DF0289986; SV 2; linear; DNA; STD; UNC; 59 BP.","callisto","Homo sapiens"
"259","DF0289987; SV 2; linear; DNA; STD; UNC; 859 BP.","COMP-subunit_5SRNA_rnd-6_family-13719","Homo sapiens"
"260","DF0289988; SV 2; linear; DNA; STD; UNC; 557 BP.","COMP-subunit_5SRNA_rnd-6_family-13720","Homo sapiens"
"261","DF0289989; SV 2; linear; DNA; STD; UNC; 147 BP.","COMP-subunit_ACRO_rnd-5_family-1624","Homo sapiens"
"262","DF0289990; SV 2; linear; DNA; STD; UNC; 913 BP.","COMP-subunit_ACRO_rnd-5_family-1625","Homo sapiens"
"263","DF0289991; SV 2; linear; DNA; STD; UNC; 648 BP.","COMP-subunit_ACRO_rnd-5_family-37","Homo sapiens"
"264","DF0289992; SV 2; linear; DNA; STD; UNC; 1300 BP.","COMP-subunit_ACRO_rnd-5_family-38","Homo sapiens"
"265","DF0289993; SV 2; linear; DNA; STD; UNC; 5024 BP.","COMP-subunit_FAM90A_rnd-6_family-7382","Homo sapiens"
"266","DF0289994; SV 2; linear; DNA; STD; UNC; 117 BP.","COMP-subunit_LSAU-BSAT_rnd-1_family-10","Homo sapiens"
"267","DF0289995; SV 2; linear; DNA; STD; UNC; 1447 BP.","COMP-subunit_LSAU-BSAT_rnd-1_family-1","Homo sapiens"
"268","DF0289996; SV 2; linear; DNA; STD; UNC; 503 BP.","COMP-subunit_LSAU-BSAT_rnd-1_family-4","Homo sapiens"
"269","DF0289997; SV 2; linear; DNA; STD; UNC; 616 BP.","COMP-subunit_LSAU-BSAT_rnd-6_family-5403","Homo sapiens"
"270","DF0289998; SV 2; linear; DNA; STD; UNC; 2309 BP.","COMP-subunit_TAF11_rnd-6_family-27360","Homo sapiens"
"271","DF0289999; SV 2; linear; DNA; STD; UNC; 86 BP.","COMP-subunit_TELO_rnd-6_family-10479","Homo sapiens"
"272","DF0290000; SV 2; linear; DNA; STD; UNC; 264 BP.","COMP-subunit_TELO_rnd-6_family-166","Homo sapiens"
"273","DF0290001; SV 2; linear; DNA; STD; UNC; 2162 BP.","COMP-subunit_VNTR_rnd-6_family-8746","Homo sapiens"
"274","DF0290002; SV 2; linear; DNA; STD; UNC; 482 BP.","COMP-subunit_VNTR_rnd-6_family-8747","Homo sapiens"
"275","DF0290003; SV 2; linear; DNA; STD; UNC; 52 BP.","cyllene","Homo sapiens"
"276","DF0290004; SV 2; linear; DNA; STD; UNC; 4662 BP.","DNM1r","Homo sapiens"
"277","DF0290005; SV 2; linear; DNA; STD; UNC; 84 BP.","elara","Homo sapiens"
"278","DF0290006; SV 2; linear; DNA; STD; UNC; 102 BP.","erinome","Homo sapiens"
"279","DF0290007; SV 2; linear; DNA; STD; UNC; 2495 BP.","FAM90Ar","Homo sapiens"
"280","DF0290008; SV 2; linear; DNA; STD; UNC; 80 BP.","ghimalia","Homo sapiens"
"281","DF0290009; SV 2; linear; DNA; STD; UNC; 54 BP.","harpalyke","Homo sapiens"
"282","DF0290010; SV 2; linear; DNA; STD; UNC; 5898 BP.","HSAT5v1","Homo sapiens"
"283","DF0290011; SV 2; linear; DNA; STD; UNC; 4742 BP.","HSAT5v2","Homo sapiens"
"284","DF0290012; SV 2; linear; DNA; STD; UNC; 61 BP.","kalyke","Homo sapiens"
"285","DF0290013; SV 2; linear; DNA; STD; UNC; 16306 BP.","MER5A1r","Homo sapiens"
"286","DF0290014; SV 2; linear; DNA; STD; UNC; 55 BP.","pasiphae","Homo sapiens"
"287","DF0290015; SV 2; linear; DNA; STD; UNC; 307 BP.","SATR1v","Homo sapiens"
"288","DF0290016; SV 2; linear; DNA; STD; UNC; 37 BP.","sinpoe","Homo sapiens"
"289","DF0290017; SV 2; linear; DNA; STD; UNC; 779 BP.","SST1v","Homo sapiens"
"290","DF0290018; SV 2; linear; DNA; STD; UNC; 1214 BP.","teucerv1_5edge","Homo sapiens"
"291","DF0290019; SV 2; linear; DNA; STD; UNC; 1263 BP.","teucerv2_3edge","Homo sapiens"
"292","DF0290020; SV 2; linear; DNA; STD; UNC; 1056 BP.","teucerv3_internal","Homo sapiens"
"293","DF0290021; SV 2; linear; DNA; STD; UNC; 2051 BP.","TIFr","Homo sapiens"
"294","DF0290022; SV 2; linear; DNA; STD; UNC; 64 BP.","Walusat","Homo sapiens"
"295","DF3440068; SV 2; linear; DNA; STD; UNC; 454 BP.","LTR7a1","Catarrhini"
"296","DF3440069; SV 2; linear; DNA; STD; UNC; 470 BP.","LTR7a2","Catarrhini"
"297","DF3440070; SV 2; linear; DNA; STD; UNC; 448 BP.","LTR7B0","Hominidae"
"298","DF3440071; SV 2; linear; DNA; STD; UNC; 553 BP.","LTR7B2","Catarrhini"
"299","DF3440072; SV 2; linear; DNA; STD; UNC; 390 BP.","LTR7B3","Catarrhini"
"300","DF3440073; SV 2; linear; DNA; STD; UNC; 452 BP.","LTR7D3","Catarrhini"
"301","DF3440074; SV 2; linear; DNA; STD; UNC; 498 BP.","LTR7u1","Hominoidea"
"302","DF3440075; SV 2; linear; DNA; STD; UNC; 484 BP.","LTR7up3","Homininae"
"303","DF3440076; SV 2; linear; DNA; STD; UNC; 391 BP.","LTR7BC","Catarrhini"
"304","DF3440077; SV 2; linear; DNA; STD; UNC; 412 BP.","LTR7d1","Hominoidea"
"305","DF3440078; SV 2; linear; DNA; STD; UNC; 414 BP.","LTR7d2","Hominoidea"
"306","DF3440079; SV 2; linear; DNA; STD; UNC; 434 BP.","LTR7u2","Homininae"
"307","DF3440080; SV 2; linear; DNA; STD; UNC; 453 BP.","LTR7up1","Homininae"
"308","DF3440081; SV 2; linear; DNA; STD; UNC; 451 BP.","LTR7up2","Homininae"
"309","DF3440082; SV 2; linear; DNA; STD; UNC; 441 BP.","LTR7YY","Homininae"
